Date_clean,dateparsed
2 3 2025,2025-03-02 00:00:00
3 4 2025,2025-04-03 00:00:00
April 5 2025,2025-04-05 00:00:00
4 5 2025,2025-05-04 00:00:00
6 5 2025,2025-05-06 00:00:00
5 7 2025,2025-07-05 00:00:00
8 1 2025,2025-01-08 00:00:00
1 Aug 25,
8 1 2025,2025-01-08 00:00:00
9 Aug 2025,
nan,
8 11 2025,2025-11-08 00:00:00
11 8 2025,2025-08-11 00:00:00
Aug 12 2025,
12 8 2025,2025-08-12 00:00:00
13 08 2025,2025-08-13 00:00:00
14 Aug 25,
15 08 2025,2025-08-15 00:00:00
16 08,
17 Aug 25,
